Top queries,Clicks,Impressions,CTR,Position
cash advance leads pricing,0,57,0%,26.09
merchant cash advance downsides,0,34,0%,57.06
merchant cash advance trigger leads,0,18,0%,14.06
buy merchant cash advance leads,0,15,0%,22.93
merchant cash advance leads,0,12,0%,75.58
exclusive merchant cash advance leads,0,8,0%,63.38
verified merchant cash advance leads,0,6,0%,32
qualified merchant cash advance leads,0,6,0%,55
trigger leads mca,0,4,0%,5.75
exclusive leads for merchant cash advances explained,0,4,0%,24.75
fresh mca leads,0,4,0%,48
mca lead generation,0,4,0%,61.25
buy mca leads,0,4,0%,73
merchant cash advance live transfers,0,3,0%,34
how to generate leads for mca,0,3,0%,84.67
exclusive mca leads,0,3,0%,98
merchant cash advance leads no min,0,2,0%,9
trigger leads merchant cash advance,0,2,0%,19.5
merchant cash advance lead generation,0,2,0%,71.5
what are mca leads,0,2,0%,80
mca leads,0,1,0%,19
mca best quality live transfer leads,0,1,0%,30
business cash advance leads,0,1,0%,39
purchase merchant cash advance leads,0,1,0%,46
buy leads for mca,0,1,0%,77
mca live leads,0,1,0%,79
how to get mca leads,0,1,0%,94
aged merchant cash advance leads,0,1,0%,97
real-time mca leads,0,1,0%,100